phase,epoque,loss,acc,val_loss,val_acc,lr,duree_s
Phase 1,1,0.841000052059398,0.4742647058823529,0.770672518359728,0.49586776859504134,0.0001,3.7655739784240723
Phase 1,2,0.7723676176632152,0.4742647058823529,0.741112836628906,0.38016528925619836,0.0001,4.6025214195251465
Phase 1,3,0.7728967035517973,0.47058823529411764,0.7362794743096532,0.39669421487603307,0.0001,4.326876878738403
Phase 1,4,0.7639152337523067,0.4650735294117647,0.7318218330706446,0.34710743801652894,0.0001,3.5415990352630615
Phase 1,5,0.758138144717497,0.49264705882352944,0.7284471653709726,0.4049586776859504,0.0001,3.5102343559265137
Phase 1,6,0.7490728427382076,0.47794117647058826,0.7236592769622803,0.39669421487603307,0.0001,5.113953113555908
Phase 1,7,0.72667036337011,0.4889705882352941,0.7207613705603544,0.4380165289256198,0.0001,3.6728885173797607
Phase 1,8,0.7248921499532812,0.5275735294117647,0.7159820992099352,0.4297520661157025,0.0001,3.532036781311035
Phase 1,9,0.7116867514217601,0.53125,0.7126478567596309,0.49586776859504134,0.0001,3.7638258934020996
Phase 1,10,0.6996728076654322,0.5606617647058824,0.7085000980984081,0.5041322314049587,0.0001,5.3431947231292725
Phase 2,11,0.7028524104286643,0.5606617647058824,0.7019468659211782,0.49586776859504134,1e-05,3.7246363162994385
Phase 2,12,0.693564912852119,0.5496323529411765,0.6833290236055358,0.5454545454545454,1e-05,3.631002902984619
Phase 2,13,0.692282101687263,0.5772058823529411,0.6648464050174745,0.6033057851239669,1e-05,4.947599411010742
Phase 2,14,0.6772164492046132,0.6047794117647058,0.6489640947215813,0.7024793388429752,1e-05,4.2019126415252686
Phase 2,15,0.6345491654732648,0.6415441176470589,0.6362438359536415,0.6859504132231405,1e-05,3.667837142944336
Phase 2,16,0.6323707384221694,0.6470588235294118,0.6487954288474784,0.6528925619834711,1e-05,4.1462109088897705
Phase 2,17,0.6243149322621963,0.6672794117647058,0.6303347531429007,0.6942148760330579,1e-05,5.7814953327178955
Phase 2,18,0.5741935161983266,0.7132352941176471,0.616842449696596,0.6942148760330579,1e-05,4.029261350631714
Phase 2,19,0.5637192007373361,0.7536764705882353,0.6003523267005101,0.7272727272727273,1e-05,3.9083659648895264
Phase 2,20,0.525711285717347,0.7610294117647058,0.5882964267218409,0.71900826446281,1e-05,5.905933856964111
Phase 2,21,0.5161623183418723,0.7647058823529411,0.5819579978619726,0.7355371900826446,1e-05,3.95161509513855
Phase 2,22,0.4767283849856433,0.8125,0.5667185876980301,0.7355371900826446,1e-05,3.976207971572876
Phase 2,23,0.4648437412346111,0.8253676470588235,0.5613991258558163,0.743801652892562,1e-05,5.807542324066162
Phase 2,24,0.4744856042020461,0.7959558823529411,0.5522157879900341,0.7520661157024794,1e-05,4.042849540710449
Phase 2,25,0.46075396678026986,0.8106617647058824,0.5386992894913539,0.7603305785123967,1e-05,3.9960062503814697
Phase 2,26,0.44052830864401427,0.8180147058823529,0.5524686102039558,0.743801652892562,1e-05,5.12935209274292
Phase 2,27,0.4439858566312229,0.8125,0.5483567212238785,0.7520661157024794,1e-05,4.617268323898315
Phase 2,28,0.4202492307214176,0.8272058823529411,0.548876395402861,0.7603305785123967,1e-05,3.974311113357544
Phase 2,29,0.4167470528798945,0.8327205882352942,0.5330575433644381,0.768595041322314,1e-05,4.3543713092803955
Phase 2,30,0.39184297182980704,0.8492647058823529,0.5433963596328231,0.768595041322314,1e-05,5.489919662475586
Phase 2,31,0.37849008335786705,0.8455882352941176,0.5275475279358793,0.7768595041322314,1e-05,4.203181505203247
Phase 2,32,0.37858930054832907,0.8474264705882353,0.5258219276577973,0.7768595041322314,1e-05,4.000967979431152
Phase 2,33,0.3566636083757176,0.8731617647058824,0.5373130987498386,0.7768595041322314,1e-05,5.927223443984985
Phase 2,34,0.38266724523376017,0.8474264705882353,0.5354673167890753,0.7603305785123967,1e-05,3.985828399658203
Phase 2,35,0.34571239615187926,0.8658088235294118,0.5213693252279739,0.7768595041322314,1e-05,3.945945978164673
Phase 2,36,0.33086544012322144,0.8713235294117647,0.515849289815288,0.7851239669421488,1e-05,5.907110214233398
Phase 2,37,0.3233826852896634,0.8694852941176471,0.5235621919316694,0.768595041322314,1e-05,4.047675609588623
Phase 2,38,0.3478933669188443,0.8694852941176471,0.5260844146909792,0.7851239669421488,1e-05,4.076913595199585
Phase 2,39,0.3378545370172052,0.8584558823529411,0.48617318149440547,0.768595041322314,1e-05,5.855106592178345
Phase 2,40,0.32251249429057627,0.8658088235294118,0.5097286297270089,0.7768595041322314,1e-05,4.197171449661255
Phase 2,41,0.2984898502335829,0.8841911764705882,0.5113270982237886,0.7768595041322314,1e-05,4.168004512786865
Phase 2,42,0.31455818344565,0.8713235294117647,0.5069929425381432,0.768595041322314,1e-05,5.572260141372681
Phase 2,43,0.3088095722829594,0.8786764705882353,0.48653077241803006,0.768595041322314,1e-05,4.576124906539917
Phase 2,44,0.2857115742038278,0.8988970588235294,0.4841131883219254,0.7768595041322314,1e-05,4.120075941085815
Phase 2,45,0.3111569302923539,0.875,0.4666495751743474,0.7933884297520661,1e-05,5.086669683456421
Phase 2,46,0.27399791075902824,0.8878676470588235,0.46370060236986016,0.7933884297520661,1e-05,4.875978469848633
Phase 2,47,0.28513159296091867,0.8878676470588235,0.4266842458366363,0.8099173553719008,1e-05,4.130257606506348
Phase 2,48,0.27793777953175935,0.9025735294117647,0.4341317572869545,0.8099173553719008,1e-05,4.561537265777588
Phase 2,49,0.26790142935865063,0.8952205882352942,0.4374361099783054,0.8099173553719008,1e-05,5.642176151275635
Phase 2,50,0.24608057737350464,0.9117647058823529,0.4647819222497546,0.7933884297520661,1e-05,4.168233156204224
